﻿{"cameraMode":{"drawMode":0,"name":"Shaded","section":"Shading Mode"},"sceneLighting":false,"audioPlay":false,"sceneViewState":{"showFog":true,"showMaterialUpdate":false,"showSkybox":false,"showFlares":true,"showImageEffects":true,"showParticleSystems":true},"in2DMode":false,"pivot":{"x":0.06589722633361817,"y":0.2347104549407959,"z":-0.273772269487381},"rotation":{"x":-0.07180836796760559,"y":0.059808701276779178,"z":-0.004313677083700895,"w":-0.9956143498420715},"size":7.384422779083252,"orthographic":true}