﻿{"cameraMode":{"drawMode":0,"name":"Shaded","section":"Shading Mode"},"sceneLighting":false,"audioPlay":false,"sceneViewState":{"showFog":true,"showMaterialUpdate":false,"showSkybox":false,"showFlares":true,"showImageEffects":true,"showParticleSystems":true},"in2DMode":false,"pivot":{"x":-179.86106872558595,"y":-159.1079864501953,"z":9.94881534576416},"rotation":{"x":-0.07180836796760559,"y":0.059808701276779178,"z":-0.004313677083700895,"w":-0.9956143498420715},"size":3.4653854370117189,"orthographic":true}