﻿{"cameraMode":{"drawMode":0,"name":"Shaded","section":"Shading Mode"},"sceneLighting":false,"audioPlay":false,"sceneViewState":{"showFog":true,"showMaterialUpdate":false,"showSkybox":false,"showFlares":true,"showImageEffects":true,"showParticleSystems":true},"in2DMode":false,"pivot":{"x":-0.06829833984375,"y":-0.09039306640625,"z":-0.49951171875},"rotation":{"x":-0.07180836796760559,"y":0.059808701276779178,"z":-0.004313677083700895,"w":-0.9956143498420715},"size":3.64058518409729,"orthographic":false}