﻿{"cameraMode":{"drawMode":0,"name":"Shaded","section":"Shading Mode"},"sceneLighting":false,"audioPlay":false,"sceneViewState":{"showFog":true,"showMaterialUpdate":false,"showSkybox":false,"showFlares":true,"showImageEffects":true,"showParticleSystems":true},"in2DMode":false,"pivot":{"x":-0.0034096837043762209,"y":-0.011606097221374512,"z":0.005905807018280029},"rotation":{"x":-0.07180836796760559,"y":0.059808701276779178,"z":-0.004313677083700895,"w":-0.9956143498420715},"size":5.081986904144287,"orthographic":true}