﻿{"cameraMode":{"drawMode":0,"name":"Shaded","section":"Shading Mode"},"sceneLighting":false,"audioPlay":false,"sceneViewState":{"showFog":true,"showMaterialUpdate":false,"showSkybox":false,"showFlares":true,"showImageEffects":true,"showParticleSystems":true},"in2DMode":false,"pivot":{"x":-0.9737548828125,"y":0.57080078125,"z":-1.46435546875},"rotation":{"x":-0.07180836796760559,"y":0.059808701276779178,"z":-0.004313677083700895,"w":-0.9956143498420715},"size":3.765669107437134,"orthographic":true}